{
    "Entities": [
        {
            "Components": {
                "Sprite2DComponent": {
                    "color": {
                        "a": 1.000000,
                        "r": 0.934764,
                        "b": 0.000000,
                        "g": 0.000000
                    },
                    "textureId": "15471021209606049030"
                },
                "TransformComponent": {
                    "scale": {
                        "y": 100.000000,
                        "z": 1.000000,
                        "x": 100.000000
                    },
                    "rotation": {
                        "y": 0.000000,
                        "z": 0.000000,
                        "x": 0.000000
                    },
                    "position": {
                        "y": 0.000000,
                        "z": 0.000000,
                        "x": 0.000000
                    }
                },
                "TagComponent": {
                    "tag": "Wish"
                }
            },
            "EntityID": 0
        }
    ]
}